Symbol,Company Name,Security Type,Security Price,Market Capitalization,Sector,Industry,Sub-Industry,Exchange
A,Agilent Technologies Inc,Common Stock,132.86,$36.79B,Health Care,Life Sciences Tools & Services,Life Sciences Tools & Services,NYSE
COR,Cencora Inc,Common Stock,303.07,$59.14B,Health Care,Health Care Providers & Services,Health Care Distributors,NYSE
ABT,Abbott Laboratories,Common Stock,99.67,$177.07B,Health Care,Health Care Equipment & Supplies,Health Care Equipment,NYSE
ALGN,Align Technology Inc,Common Stock,177.5,$12.54B,Health Care,Health Care Equipment & Supplies,Health Care Supplies,NASDAQ
ALKS,Alkermes Plc,Common Stock,52.85,$8.62B,Health Care,Biotechnology,Biotechnology,NASDAQ
ALNY,Alnylam Pharmaceuticals Inc,Common Stock,271.37,$36.40B,Health Care,Biotechnology,Biotechnology,NASDAQ
TVTX,Travere Therapeutics Inc,Common Stock,56.58,$5.16B,Health Care,Biotechnology,Biotechnology,NASDAQ
AMGN,Amgen Inc,Common Stock,366.24,$196.55B,Health Care,Biotechnology,Biotechnology,NASDAQ
ARWR,Arrowhead Pharmaceuticals Inc,Common Stock,74.52,$10.09B,Health Care,Biotechnology,Biotechnology,NASDAQ
AZN,Astrazeneca PLC,Common Stock,169.34,$255.17B,Health Care,Pharmaceuticals,Pharmaceuticals,NYSE
BAX,Baxter International Inc,Common Stock,22.21,$11.40B,Health Care,Health Care Equipment & Supplies,Health Care Equipment,NYSE
BDX,Becton Dickinson and Co,Common Stock,153.84,$42.57B,Health Care,Health Care Equipment & Supplies,Health Care Equipment,NYSE
BIIB,Biogen Inc,Common Stock,203.16,$29.52B,Health Care,Biotechnology,Biotechnology,NASDAQ
BIO,Bio-Rad Laboratories Inc,Common Stock,301.7,$6.55B,Health Care,Life Sciences Tools & Services,Life Sciences Tools & Services,NYSE
BMRN,BioMarin Pharmaceutical Inc,Common Stock,59.21,$11.43B,Health Care,Biotechnology,Biotechnology,NASDAQ
BMY,Bristol-Myers Squibb Co,Common Stock,60.93,$122.85B,Health Care,Pharmaceuticals,Pharmaceuticals,NYSE
BRKR,Bruker Corporation,Common Stock,60.43,$8.55B,Health Care,Life Sciences Tools & Services,Life Sciences Tools & Services,NASDAQ
BSX,Boston Scientific Corp,Common Stock,43.19,$65.06B,Health Care,Health Care Equipment & Supplies,Health Care Equipment,NYSE
CAH,Cardinal Health Inc,Common Stock,227.09,$52.87B,Health Care,Health Care Providers & Services,Health Care Distributors,NYSE
CHE,Chemed Corp,Common Stock,504.1,$6.82B,Health Care,Health Care Providers & Services,Health Care Services,NYSE
CI,The Cigna Group,Common Stock,290.49,$75.11B,Health Care,Health Care Providers & Services,Health Care Services,NYSE
CNC,Centene Corp,Common Stock,67.59,$32.51B,Health Care,Health Care Providers & Services,Managed Health Care,NYSE
COO,Cooper Cos Inc (The),Common Stock,71.01,$13.96B,Health Care,Health Care Equipment & Supplies,Health Care Supplies,NASDAQ
CORT,Corcept Therapeutics Inc,Common Stock,95.65,$9.83B,Health Care,Pharmaceuticals,Pharmaceuticals,NASDAQ
CRL,Charles River Laboratories International Inc,Common Stock,219.4,$10.58B,Health Care,Life Sciences Tools & Services,Life Sciences Tools & Services,NYSE
CVS,CVS Health Corp,Common Stock,110.6,$137.30B,Health Care,Health Care Providers & Services,Health Care Services,NYSE
CYTK,Cytokinetics Inc,Common Stock,81.11,$10.73B,Health Care,Biotechnology,Biotechnology,NASDAQ
DGX,Quest Diagnostics Inc,Common Stock,206.84,$22.99B,Health Care,Health Care Providers & Services,Health Care Services,NYSE
DHR,Danaher Corp,Common Stock,179.01,$142.34B,Health Care,Life Sciences Tools & Services,Life Sciences Tools & Services,NYSE
DVA,DaVita Inc,Common Stock,237.28,$15.03B,Health Care,Health Care Providers & Services,Health Care Services,NYSE
EW,Edwards Lifesciences Corp,Common Stock,84.55,$48.94B,Health Care,Health Care Equipment & Supplies,Health Care Equipment,NYSE
EXEL,Exelixis Inc,Common Stock,56.12,$13.96B,Health Care,Biotechnology,Biotechnology,NASDAQ
FMS,Fresenius Medical Care AG,Depository Receipt,24.68,$13.00B,Health Care,Health Care Providers & Services,Health Care Services,NYSE
GILD,Gilead Sciences Inc,Common Stock,130.28,$165.39B,Health Care,Biotechnology,Biotechnology,NASDAQ
GSK,GSK plc,Depository Receipt,50.78,$101.22B,Health Care,Pharmaceuticals,Pharmaceuticals,NYSE
EHC,Encompass Health Corp,Common Stock,112.1,$11.16B,Health Care,Health Care Providers & Services,Health Care Facilities,NYSE
HSIC,Henry Schein Inc,Common Stock,85.86,$9.82B,Health Care,Health Care Providers & Services,Health Care Distributors,NASDAQ
HALO,Halozyme Therapeutics Inc,Common Stock,78.6,$9.14B,Health Care,Biotechnology,Biotechnology,NASDAQ
HUM,Humana Inc.,Common Stock,404.34,$47.81B,Health Care,Health Care Providers & Services,Managed Health Care,NYSE
ICLR,ICON Public Limited Company,Common Stock,166.62,$12.73B,Health Care,Life Sciences Tools & Services,Life Sciences Tools & Services,NASDAQ
IDXX,IDEXX Laboratories Inc,Common Stock,552.46,$44.48B,Health Care,Health Care Equipment & Supplies,Health Care Equipment,NASDAQ
ILMN,Illumina Inc,Common Stock,192.53,$27.94B,Health Care,Life Sciences Tools & Services,Life Sciences Tools & Services,NASDAQ
INCY,Incyte Corp,Common Stock,117.39,$23.10B,Health Care,Biotechnology,Biotechnology,NASDAQ
INSM,Insmed Inc,Common Stock,108.62,$23.20B,Health Care,Biotechnology,Biotechnology,NASDAQ
IONS,Ionis Pharmaceuticals Inc,Common Stock,53.39,$8.75B,Health Care,Biotechnology,Biotechnology,NASDAQ
ISRG,Intuitive Surgical Inc,Common Stock,350.06,$125.08B,Health Care,Health Care Equipment & Supplies,Health Care Equipment,NASDAQ
JNJ,Johnson & Johnson,Common Stock,250.61,$598.96B,Health Care,Pharmaceuticals,Pharmaceuticals,NYSE
LGND,Ligand Pharmaceuticals Inc,Common Stock,305.47,$5.89B,Health Care,Pharmaceuticals,Pharmaceuticals,NASDAQ
LH,Labcorp Holdings Inc,Common Stock,279.4,$23.08B,Health Care,Health Care Providers & Services,Health Care Services,NYSE
LLY,Eli Lilly and Co,Common Stock,1175.41,$1.08T,Health Care,Pharmaceuticals,Pharmaceuticals,NYSE
MCK,McKesson Corp,Common Stock,828.84,$97.35B,Health Care,Health Care Providers & Services,Health Care Distributors,NYSE
MDT,Medtronic PLC,Common Stock,82.35,$106.61B,Health Care,Health Care Equipment & Supplies,Health Care Equipment,NYSE
TGTX,TG Therapeutics Inc,Common Stock,53.95,$8.26B,Health Care,Biotechnology,Biotechnology,NASDAQ
MOH,Molina Healthcare Inc.,Common Stock,226.54,$11.97B,Health Care,Health Care Providers & Services,Managed Health Care,NYSE
MRK,Merck and Co Inc,Common Stock,126.26,$307.25B,Health Care,Pharmaceuticals,Pharmaceuticals,NYSE
MTD,Mettler-Toledo International Inc,Common Stock,1298.17,$25.74B,Health Care,Life Sciences Tools & Services,Life Sciences Tools & Services,NYSE
VTRS,Viatris Inc,Common Stock,17.59,$19.79B,Health Care,Pharmaceuticals,Pharmaceuticals,NASDAQ
NBIX,Neurocrine Biosciences Inc,Common Stock,179.05,$17.40B,Health Care,Biotechnology,Biotechnology,NASDAQ
ORKA,Oruka Therapeutics Inc,Common Stock,94.32,$5.53B,Health Care,Biotechnology,Biotechnology,NASDAQ
NVO,Novo Nordisk A/S,Depository Receipt,49.38,$166.86B,Health Care,Pharmaceuticals,Pharmaceuticals,NYSE
NVS,Novartis AG,Depository Receipt,153.87,$285.37B,Health Care,Pharmaceuticals,Pharmaceuticals,NYSE
PFE,Pfizer Inc,Common Stock,24.94,$141.06B,Health Care,Pharmaceuticals,Pharmaceuticals,NYSE
PHG,Koninklijke Philips NV,Depository Receipt,26.58,$25.45B,Health Care,Health Care Equipment & Supplies,Health Care Equipment,NYSE
RVTY,Revvity Inc,Common Stock,110.52,$11.87B,Health Care,Life Sciences Tools & Services,Life Sciences Tools & Services,NYSE
QGEN,Qiagen NV,Common Stock,40.53,$8.35B,Health Care,Life Sciences Tools & Services,Life Sciences Tools & Services,NYSE
RDY,Dr Reddy'S Laboratories Ltd,Depository Receipt,12.56,$10.43B,Health Care,Pharmaceuticals,Pharmaceuticals,NYSE
REGN,Regeneron Pharmaceuticals Inc,Common Stock,675.19,$70.47B,Health Care,Biotechnology,Biotechnology,NASDAQ
RGEN,Repligen Corp,Common Stock,136.99,$8.21B,Health Care,Life Sciences Tools & Services,Life Sciences Tools & Services,NASDAQ
RMD,Resmed Inc,Common Stock,195.8,$28.81B,Health Care,Health Care Equipment & Supplies,Health Care Equipment,NYSE
SNN,Smith & Nephew PLC,Depository Receipt,30.21,$12.80B,Health Care,Health Care Equipment & Supplies,Health Care Equipment,NYSE
SNY,Sanofi,Depository Receipt,43.75,$105.57B,Health Care,Pharmaceuticals,Pharmaceuticals,NASDAQ
SYK,Stryker Corp,Common Stock,314.58,$122.35B,Health Care,Health Care Equipment & Supplies,Health Care Equipment,NYSE
TECH,Bio-Techne Corp,Common Stock,71.63,$11.16B,Health Care,Life Sciences Tools & Services,Life Sciences Tools & Services,NASDAQ
TEVA,Teva Pharmaceutical Industries Ltd,Depository Receipt,31.35,$36.10B,Health Care,Pharmaceuticals,Pharmaceuticals,NYSE
TFX,Teleflex Inc,Common Stock,135.01,$5.93B,Health Care,Health Care Equipment & Supplies,Health Care Equipment,NYSE
THC,Tenet Healthcare Corp,Common Stock,196.49,$16.74B,Health Care,Health Care Providers & Services,Health Care Facilities,NYSE
TMO,Thermo Fisher Scientific Inc,Common Stock,523.46,$195.56B,Health Care,Life Sciences Tools & Services,Life Sciences Tools & Services,NYSE
UHS,Universal Health Services Inc.,Common Stock,149.91,$9.12B,Health Care,Health Care Providers & Services,Health Care Facilities,NYSE
UNH,UnitedHealth Group Incorporated,Common Stock,436.35,$382.83B,Health Care,Health Care Providers & Services,Managed Health Care,NYSE
UTHR,United Therapeutics Corp,Common Stock,535.83,$22.47B,Health Care,Biotechnology,Biotechnology,NASDAQ
VRTX,Vertex Pharmaceuticals Inc,Common Stock,482,$121.95B,Health Care,Biotechnology,Biotechnology,NASDAQ
WAT,Waters Corp,Common Stock,367.55,$35.11B,Health Care,Life Sciences Tools & Services,Life Sciences Tools & Services,NYSE
ELV,Elevance Health Inc,Common Stock,393.44,$82.89B,Health Care,Health Care Providers & Services,Managed Health Care,NYSE
WST,West Pharmaceutical Services Inc.,Common Stock,359.24,$24.89B,Health Care,Life Sciences Tools & Services,Life Sciences Tools & Services,NYSE
ZBH,Zimmer Biomet Holdings Inc,Common Stock,88.92,$17.36B,Health Care,Health Care Equipment & Supplies,Health Care Equipment,NYSE
DXCM,DexCom Inc,Common Stock,74.75,$29.21B,Health Care,Health Care Equipment & Supplies,Health Care Equipment,NASDAQ
MDGL,Madrigal Pharmaceuticals Inc,Common Stock,546.79,$12.35B,Health Care,Biotechnology,Biotechnology,NASDAQ
ENSG,Ensign Group Inc (The),Common Stock,170.87,$10.05B,Health Care,Health Care Providers & Services,Health Care Facilities,NASDAQ
TAK,Takeda Pharmaceutical Co Ltd,Depository Receipt,17.23,$54.45B,Health Care,Pharmaceuticals,Pharmaceuticals,NYSE
GMAB,Genmab A/S,Depository Receipt,28.365,$17.13B,Health Care,Biotechnology,Biotechnology,NASDAQ
AMRX,Amneal Pharmaceuticals Inc,Common Stock,18.1,$5.59B,Health Care,Pharmaceuticals,Pharmaceuticals,NASDAQ
JAZZ,Jazz Pharmaceuticals plc,Common Stock,254.22,$15.29B,Health Care,Pharmaceuticals,Pharmaceuticals,NASDAQ
PODD,Insulet Corp,Common Stock,163.72,$11.59B,Health Care,Health Care Equipment & Supplies,Health Care Equipment,NASDAQ
HCA,HCA Healthcare Inc,Common Stock,373.09,$82.17B,Health Care,Health Care Providers & Services,Health Care Facilities,NYSE
GMED,Globus Medical Inc,Common Stock,76.09,$10.32B,Health Care,Health Care Equipment & Supplies,Health Care Equipment,NYSE
ABBV,AbbVie Inc,Common Stock,256.1,$447.67B,Health Care,Biotechnology,Biotechnology,NYSE
ZTS,Zoetis Inc,Common Stock,75.35,$31.95B,Health Care,Pharmaceuticals,Pharmaceuticals,NYSE
IQV,IQVIA Holdings Inc,Common Stock,201.62,$34.03B,Health Care,Life Sciences Tools & Services,Life Sciences Tools & Services,NYSE
PTCT,PTC Therapeutics Inc,Common Stock,78.5,$6.47B,Health Care,Biotechnology,Biotechnology,NASDAQ
VEEV,Veeva Systems Inc,Common Stock,189.24,$32.07B,Health Care,Health Care Technology,Health Care Technology,NYSE
LNTH,Lantheus Holdings Inc,Common Stock,107.95,$6.80B,Health Care,Health Care Equipment & Supplies,Health Care Supplies,NASDAQ
HQY,HealthEquity Inc,Common Stock,97.77,$8.27B,Health Care,Health Care Providers & Services,Managed Health Care,NASDAQ
XENE,Xenon Pharmaceuticals Inc,Common Stock,66.74,$6.38B,Health Care,Biotechnology,Biotechnology,NASDAQ
ASND,Ascendis Pharma AS,Common Stock,255.2,$16.66B,Health Care,Biotechnology,Biotechnology,NASDAQ
SMMT,Summit Therapeutics Inc,Common Stock,14.63,$10.48B,Health Care,Biotechnology,Biotechnology,NASDAQ
GKOS,Glaukos Corp,Common Stock,153.09,$9.13B,Health Care,Health Care Equipment & Supplies,Health Care Equipment,NYSE
NTRA,Natera Inc,Common Stock,267.18,$37.61B,Health Care,Biotechnology,Biotechnology,NASDAQ
SYRE,Spyre Therapeutics Inc,Common Stock,102.7,$8.45B,Health Care,Biotechnology,Biotechnology,NASDAQ
IBRX,ImmunityBio Inc,Common Stock,8.07,$7.85B,Health Care,Biotechnology,Biotechnology,NASDAQ
PEN,Penumbra Inc,Common Stock,317.39,$12.51B,Health Care,Health Care Equipment & Supplies,Health Care Equipment,NYSE
AXSM,Axsome Therapeutics Inc,Common Stock,236.95,$11.41B,Health Care,Pharmaceuticals,Pharmaceuticals,NASDAQ
ONC,BeOne Medicines Ltd,Depository Receipt,318.685,$34.08B,Health Care,Biotechnology,Biotechnology,NASDAQ
STE,Steris Plc,Common Stock,211.75,$20.90B,Health Care,Health Care Equipment & Supplies,Health Care Equipment,NYSE
DFTX,Definium Therapeutics Inc,Common Stock,45.08,$5.33B,Health Care,Pharmaceuticals,Pharmaceuticals,NASDAQ
PTGX,Protagonist Therapeutics Inc,Common Stock,138.31,$8.64B,Health Care,Biotechnology,Biotechnology,NASDAQ
MEDP,Medpace Holdings Inc,Common Stock,531.67,$15.08B,Health Care,Life Sciences Tools & Services,Life Sciences Tools & Services,NASDAQ
ARGX,argenx SE,Depository Receipt,874.74,$52.36B,Health Care,Biotechnology,Biotechnology,NASDAQ
KRYS,Krystal Biotech Inc,Common Stock,339.06,$10.00B,Health Care,Biotechnology,Biotechnology,NASDAQ
RYTM,Rhythm Pharmaceuticals Inc,Common Stock,106.6,$7.17B,Health Care,Biotechnology,Biotechnology,NASDAQ
COGT,Cogent Biosciences Inc,Common Stock,39.64,$6.54B,Health Care,Biotechnology,Biotechnology,NASDAQ
SRRK,Scholar Rock Holding Corp,Common Stock,50.88,$6.07B,Health Care,Biotechnology,Biotechnology,NASDAQ
DNTH,Dianthus Therapeutics Inc,Common Stock,105.72,$5.52B,Health Care,Biotechnology,Biotechnology,NASDAQ
LQDA,Liquidia Corp,Common Stock,80.89,$6.85B,Health Care,Pharmaceuticals,Pharmaceuticals,NASDAQ
CRNX,Crinetics Pharmaceuticals Inc,Common Stock,83.9,$8.88B,Health Care,Pharmaceuticals,Pharmaceuticals,NASDAQ
ELAN,Elanco Animal Health Inc,Common Stock,25.48,$12.56B,Health Care,Pharmaceuticals,Pharmaceuticals,NYSE
GH,Guardant Health Inc,Common Stock,152.29,$19.63B,Health Care,Health Care Providers & Services,Health Care Services,NASDAQ
TWST,Twist Bioscience Corp,Common Stock,95.86,$5.45B,Health Care,Biotechnology,Biotechnology,NASDAQ
MRNA,Moderna Inc,Common Stock,59.66,$23.60B,Health Care,Biotechnology,Biotechnology,NASDAQ
ALC,Alcon Inc,Common Stock,67.35,$34.14B,Health Care,Health Care Equipment & Supplies,Health Care Supplies,NYSE
AVTR,Avantor Inc,Common Stock,10.99,$7.28B,Health Care,Life Sciences Tools & Services,Life Sciences Tools & Services,NYSE
BBIO,BridgeBio Pharma Inc,Common Stock,82.45,$15.82B,Health Care,Biotechnology,Biotechnology,NASDAQ
IMVT,Immunovant Inc,Common Stock,39.53,$8.20B,Health Care,Biotechnology,Biotechnology,NASDAQ
MIRM,Mirum Pharmaceuticals Inc,Common Stock,117.05,$7.11B,Health Care,Biotechnology,Biotechnology,NASDAQ
HIMS,Hims & Hers Health Inc,Common Stock,32.73,$7.57B,Health Care,Health Care Providers & Services,Health Care Services,NYSE
TXG,10x Genomics Inc,Common Stock,47.2,$5.49B,Health Care,Life Sciences Tools & Services,Life Sciences Tools & Services,NASDAQ
BNTX,BioNTech SE,Depository Receipt,92.33,$23.31B,Health Care,Biotechnology,Biotechnology,NASDAQ
RVMD,Revolution Medicines Inc,Common Stock,183.29,$38.35B,Health Care,Biotechnology,Biotechnology,NASDAQ
PCVX,Vaxcyte Inc,Common Stock,58.04,$8.01B,Health Care,Biotechnology,Biotechnology,NASDAQ
RPRX,Royalty Pharma plc,Common Stock,58.42,$32.99B,Health Care,Pharmaceuticals,Pharmaceuticals,NASDAQ
KYMR,Kymera Therapeutics Inc,Common Stock,113.37,$9.14B,Health Care,Biotechnology,Biotechnology,NASDAQ
PRAX,Praxis Precision Medicines Inc,Common Stock,317.87,$8.49B,Health Care,Biotechnology,Biotechnology,NASDAQ
ROIV,Roivant Sciences Ltd,Common Stock,34.96,$24.49B,Health Care,Biotechnology,Biotechnology,NASDAQ
ERAS,Erasca Inc,Common Stock,19.38,$6.44B,Health Care,Biotechnology,Biotechnology,NASDAQ
STVN,Stevanato Group S p A,Common Stock,19.1,$5.80B,Health Care,Life Sciences Tools & Services,Life Sciences Tools & Services,NYSE
BLTE,Belite Bio Inc,Depository Receipt,161.08,$6.13B,Health Care,Pharmaceuticals,Pharmaceuticals,NASDAQ
BLCO,Bausch Lomb Corp,Common Stock,15.99,$5.71B,Health Care,Health Care Equipment & Supplies,Health Care Supplies,NYSE
HLN,Haleon plc,Depository Receipt,9.92,$44.22B,Health Care,Pharmaceuticals,Pharmaceuticals,NYSE
GEHC,GE HealthCare Technologies Inc,Common Stock,62.04,$28.58B,Health Care,Health Care Equipment & Supplies,Health Care Equipment,NASDAQ
APGE,Apogee Therapeutics Inc,Common Stock,134.2,$10.11B,Health Care,Biotechnology,Biotechnology,NASDAQ
ABVX,ABIVAX Societe Anonyme,Depository Receipt,134.09,$10.43B,Health Care,Biotechnology,Biotechnology,NASDAQ
CGON,CG Oncology Inc,Common Stock,71.72,$6.19B,Health Care,Biotechnology,Biotechnology,NASDAQ
BTSG,BrightSpring Health Services Inc,Common Stock,72.56,$13.91B,Health Care,Health Care Providers & Services,Health Care Services,NASDAQ
SOLV,Solventum Corp,Common Stock,78.6,$13.72B,Health Care,Health Care Equipment & Supplies,Health Care Supplies,NYSE
PACS,PACS Group Inc,Common Stock,45.56,$7.08B,Health Care,Health Care Providers & Services,Health Care Facilities,NYSE
TEM,Tempus AI Inc,Common Stock,48.98,$8.69B,Health Care,Life Sciences Tools & Services,Life Sciences Tools & Services,NASDAQ
HNGE,Hinge Health Inc,Common Stock,84.35,$6.79B,Health Care,Health Care Providers & Services,Health Care Services,NYSE
BLLN,BillionToOne Inc,Common Stock,132.53,$5.76B,Health Care,Health Care Providers & Services,Health Care Services,NASDAQ
MDLN,Medline Inc,Common Stock,39.09,$51.08B,Health Care,Health Care Equipment & Supplies,Health Care Supplies,NASDAQ
